,base,row,start,y_value
0,A,human,0,1
1,G,human,1,1
2,G,human,2,1
3,C,human,3,1
4,C,human,4,1
5,A,human,5,1
6,G,human,6,1
7,C,human,7,1
8,C,human,8,1
9,G,human,9,1
10,G,human,10,1
11,C,human,11,1
12,G,human,12,1
13,C,human,13,1
14,C,human,14,1
15,A,human,15,1
16,T,human,16,1
17,T,human,17,1
18,T,human,18,1
19,T,human,19,1
20,G,human,20,1
21,A,human,21,1
22,A,human,22,1
23,A,human,23,1
24,G,human,24,1
25,T,human,25,1
26,G,human,26,1
27,G,human,27,1
28,A,human,28,1
29,G,human,29,1
30,T,human,30,1
31,C,human,31,1
32,G,human,32,1
33,C,human,33,1
34,C,human,34,1
35,T,human,35,1
36,G,human,36,1
37,C,human,37,1
38,C,human,38,1
39,C,human,39,1
40,C,human,40,1
41,T,human,41,1
42,G,human,42,1
43,C,human,43,1
44,C,human,44,1
45,G,human,45,1
46,C,human,46,1
47,T,human,47,1
48,G,human,48,1
49,C,human,49,1
50,C,human,50,1
51,G,human,51,1
52,C,human,52,1
53,C,human,53,1
54,G,human,54,1
55,C,human,55,1
56,C,human,56,1
57,G,human,57,1
58,C,human,58,1
59,C,human,59,1
60,G,human,60,1
61,T,human,61,1
62,C,human,62,1
63,G,human,63,1
64,C,human,64,1
65,T,human,65,1
66,G,human,66,1
67,-,human,67,1
68,T,human,68,1
69,C,human,69,1
70,G,human,70,1
71,T,human,71,1
72,A,human,72,1
73,G,human,73,1
74,T,human,74,1
75,C,human,75,1
76,G,human,76,1
77,C,human,77,1
78,C,human,78,1
79,G,human,79,1
80,C,human,80,1
81,-,human,81,1
82,-,human,82,1
83,-,human,83,1
84,-,human,84,1
85,-,human,85,1
86,-,human,86,1
87,C,human,87,1
88,G,human,88,1
89,C,human,89,1
90,C,human,90,1
91,G,human,91,1
92,C,human,92,1
93,T,human,93,1
94,G,human,94,1
95,C,human,95,1
96,C,human,96,1
97,G,human,97,1
98,G,human,98,1
99,A,human,99,1
100,G,human,100,1
101,A,human,101,1
102,A,human,102,1
103,A,human,103,1
104,G,human,104,1
105,A,human,105,1
106,G,human,106,1
107,C,human,107,1
108,A,human,108,1
109,C,human,109,1
110,G,human,110,1
111,A,human,111,1
112,G,human,112,1
113,C,human,113,1
114,G,human,114,1
115,G,human,115,1
116,G,human,116,1
117,G,human,117,1
118,A,human,118,1
119,A,human,119,1
120,G,human,120,1
121,C,human,121,1
122,C,human,122,1
123,C,human,123,1
124,C,human,124,1
125,A,human,125,1
126,G,human,126,1
127,A,human,127,1
128,G,human,128,1
129,T,human,129,1
130,G,human,130,1
131,A,human,131,1
132,A,human,132,1
133,A,human,133,1
134,T,human,134,1
135,C,human,135,1
136,T,human,136,1
137,A,human,137,1
138,G,human,138,1
139,C,human,139,1
140,A,human,140,1
141,T,human,141,1
142,C,human,142,1
143,C,human,143,1
144,T,human,144,1
145,G,human,145,1
146,C,human,146,1
147,C,human,147,1
148,G,human,148,1
149,G,human,149,1
150,C,human,150,1
151,T,human,151,1
152,G,human,152,1
153,G,human,153,1
154,T,human,154,1
155,C,human,155,1
156,-,human,156,1
157,T,human,157,1
158,G,human,158,1
159,C,human,159,1
160,C,human,160,1
161,C,human,161,1
162,G,human,162,1
163,C,human,163,1
164,C,human,164,1
165,-,human,165,1
166,C,human,166,1
167,C,human,167,1
168,T,human,168,1
169,C,human,169,1
170,C,human,170,1
171,T,human,171,1
172,T,human,172,1
173,C,human,173,1
174,C,human,174,1
175,T,human,175,1
176,T,human,176,1
177,T,human,177,1
178,T,human,178,1
179,C,human,179,1
180,C,human,180,1
181,C,human,181,1
182,C,human,182,1
183,C,human,183,1
184,C,human,184,1
185,G,human,185,1
186,G,human,186,1
187,C,human,187,1
188,C,human,188,1
189,-,human,189,1
190,C,human,190,1
191,C,human,191,1
192,C,human,192,1
193,G,human,193,1
194,T,human,194,1
195,C,human,195,1
196,C,human,196,1
197,C,human,197,1
198,C,human,198,1
199,T,human,199,1
200,C,human,200,1
201,C,human,201,1
202,C,human,202,1
203,-,human,203,1
204,C,human,204,1
205,C,human,205,1
206,C,human,206,1
207,G,human,207,1
208,C,human,208,1
209,A,human,209,1
210,G,human,210,1
211,G,human,211,1
212,A,chimp,0,1
213,G,chimp,1,1
214,G,chimp,2,1
215,C,chimp,3,1
216,C,chimp,4,1
217,A,chimp,5,1
218,G,chimp,6,1
219,C,chimp,7,1
220,C,chimp,8,1
221,G,chimp,9,1
222,G,chimp,10,1
223,C,chimp,11,1
224,G,chimp,12,1
225,C,chimp,13,1
226,C,chimp,14,1
227,A,chimp,15,1
228,T,chimp,16,1
229,T,chimp,17,1
230,T,chimp,18,1
231,T,chimp,19,1
232,G,chimp,20,1
233,A,chimp,21,1
234,A,chimp,22,1
235,A,chimp,23,1
236,G,chimp,24,1
237,T,chimp,25,1
238,G,chimp,26,1
239,G,chimp,27,1
240,A,chimp,28,1
241,G,chimp,29,1
242,T,chimp,30,1
243,C,chimp,31,1
244,G,chimp,32,1
245,C,chimp,33,1
246,C,chimp,34,1
247,T,chimp,35,1
248,G,chimp,36,1
249,C,chimp,37,1
250,C,chimp,38,1
251,C,chimp,39,1
252,C,chimp,40,1
253,T,chimp,41,1
254,G,chimp,42,1
255,C,chimp,43,1
256,C,chimp,44,1
257,G,chimp,45,1
258,C,chimp,46,1
259,T,chimp,47,1
260,G,chimp,48,1
261,C,chimp,49,1
262,C,chimp,50,1
263,G,chimp,51,1
264,C,chimp,52,1
265,C,chimp,53,1
266,G,chimp,54,1
267,C,chimp,55,1
268,C,chimp,56,1
269,G,chimp,57,1
270,C,chimp,58,1
271,C,chimp,59,1
272,G,chimp,60,1
273,T,chimp,61,1
274,C,chimp,62,1
275,G,chimp,63,1
276,C,chimp,64,1
277,T,chimp,65,1
278,G,chimp,66,1
279,-,chimp,67,1
280,T,chimp,68,1
281,C,chimp,69,1
282,G,chimp,70,1
283,T,chimp,71,1
284,A,chimp,72,1
285,G,chimp,73,1
286,T,chimp,74,1
287,C,chimp,75,1
288,G,chimp,76,1
289,C,chimp,77,1
290,C,chimp,78,1
291,G,chimp,79,1
292,C,chimp,80,1
293,-,chimp,81,1
294,-,chimp,82,1
295,-,chimp,83,1
296,-,chimp,84,1
297,-,chimp,85,1
298,-,chimp,86,1
299,C,chimp,87,1
300,G,chimp,88,1
301,C,chimp,89,1
302,C,chimp,90,1
303,G,chimp,91,1
304,C,chimp,92,1
305,T,chimp,93,1
306,G,chimp,94,1
307,C,chimp,95,1
308,C,chimp,96,1
309,G,chimp,97,1
310,G,chimp,98,1
311,A,chimp,99,1
312,G,chimp,100,1
313,A,chimp,101,1
314,A,chimp,102,1
315,A,chimp,103,1
316,G,chimp,104,1
317,A,chimp,105,1
318,G,chimp,106,1
319,C,chimp,107,1
320,A,chimp,108,1
321,C,chimp,109,1
322,G,chimp,110,1
323,A,chimp,111,1
324,G,chimp,112,1
325,C,chimp,113,1
326,G,chimp,114,1
327,G,chimp,115,1
328,G,chimp,116,1
329,G,chimp,117,1
330,A,chimp,118,1
331,A,chimp,119,1
332,G,chimp,120,1
333,C,chimp,121,1
334,C,chimp,122,1
335,C,chimp,123,1
336,C,chimp,124,1
337,A,chimp,125,1
338,G,chimp,126,1
339,A,chimp,127,1
340,G,chimp,128,1
341,T,chimp,129,1
342,G,chimp,130,1
343,A,chimp,131,1
344,A,chimp,132,1
345,A,chimp,133,1
346,T,chimp,134,1
347,C,chimp,135,1
348,T,chimp,136,1
349,A,chimp,137,1
350,G,chimp,138,1
351,C,chimp,139,1
352,A,chimp,140,1
353,T,chimp,141,1
354,C,chimp,142,1
355,C,chimp,143,1
356,T,chimp,144,1
357,G,chimp,145,1
358,C,chimp,146,1
359,C,chimp,147,1
360,G,chimp,148,1
361,G,chimp,149,1
362,C,chimp,150,1
363,T,chimp,151,1
364,G,chimp,152,1
365,G,chimp,153,1
366,T,chimp,154,1
367,C,chimp,155,1
368,-,chimp,156,1
369,T,chimp,157,1
370,G,chimp,158,1
371,C,chimp,159,1
372,C,chimp,160,1
373,C,chimp,161,1
374,G,chimp,162,1
375,C,chimp,163,1
376,C,chimp,164,1
377,-,chimp,165,1
378,C,chimp,166,1
379,C,chimp,167,1
380,T,chimp,168,1
381,C,chimp,169,1
382,C,chimp,170,1
383,T,chimp,171,1
384,T,chimp,172,1
385,C,chimp,173,1
386,C,chimp,174,1
387,T,chimp,175,1
388,T,chimp,176,1
389,T,chimp,177,1
390,T,chimp,178,1
391,C,chimp,179,1
392,C,chimp,180,1
393,C,chimp,181,1
394,C,chimp,182,1
395,-,chimp,183,1
396,C,chimp,184,1
397,G,chimp,185,1
398,G,chimp,186,1
399,C,chimp,187,1
400,C,chimp,188,1
401,-,chimp,189,1
402,C,chimp,190,1
403,C,chimp,191,1
404,C,chimp,192,1
405,G,chimp,193,1
406,T,chimp,194,1
407,C,chimp,195,1
408,C,chimp,196,1
409,C,chimp,197,1
410,C,chimp,198,1
411,T,chimp,199,1
412,C,chimp,200,1
413,C,chimp,201,1
414,C,chimp,202,1
415,-,chimp,203,1
416,C,chimp,204,1
417,C,chimp,205,1
418,C,chimp,206,1
419,G,chimp,207,1
420,C,chimp,208,1
421,A,chimp,209,1
422,G,chimp,210,1
423,G,chimp,211,1
424,A,orangutan,0,1
425,G,orangutan,1,1
426,G,orangutan,2,1
427,C,orangutan,3,1
428,C,orangutan,4,1
429,A,orangutan,5,1
430,G,orangutan,6,1
431,C,orangutan,7,1
432,C,orangutan,8,1
433,G,orangutan,9,1
434,G,orangutan,10,1
435,C,orangutan,11,1
436,G,orangutan,12,1
437,C,orangutan,13,1
438,C,orangutan,14,1
439,A,orangutan,15,1
440,T,orangutan,16,1
441,T,orangutan,17,1
442,T,orangutan,18,1
443,T,orangutan,19,1
444,G,orangutan,20,1
445,A,orangutan,21,1
446,A,orangutan,22,1
447,A,orangutan,23,1
448,G,orangutan,24,1
449,T,orangutan,25,1
450,G,orangutan,26,1
451,G,orangutan,27,1
452,A,orangutan,28,1
453,G,orangutan,29,1
454,T,orangutan,30,1
455,C,orangutan,31,1
456,G,orangutan,32,1
457,C,orangutan,33,1
458,C,orangutan,34,1
459,T,orangutan,35,1
460,G,orangutan,36,1
461,C,orangutan,37,1
462,C,orangutan,38,1
463,C,orangutan,39,1
464,C,orangutan,40,1
465,T,orangutan,41,1
466,G,orangutan,42,1
467,C,orangutan,43,1
468,C,orangutan,44,1
469,G,orangutan,45,1
470,C,orangutan,46,1
471,T,orangutan,47,1
472,G,orangutan,48,1
473,C,orangutan,49,1
474,C,orangutan,50,1
475,G,orangutan,51,1
476,C,orangutan,52,1
477,C,orangutan,53,1
478,G,orangutan,54,1
479,C,orangutan,55,1
480,C,orangutan,56,1
481,G,orangutan,57,1
482,C,orangutan,58,1
483,C,orangutan,59,1
484,G,orangutan,60,1
485,T,orangutan,61,1
486,C,orangutan,62,1
487,G,orangutan,63,1
488,C,orangutan,64,1
489,T,orangutan,65,1
490,G,orangutan,66,1
491,-,orangutan,67,1
492,T,orangutan,68,1
493,C,orangutan,69,1
494,G,orangutan,70,1
495,T,orangutan,71,1
496,A,orangutan,72,1
497,G,orangutan,73,1
498,C,orangutan,74,1
499,C,orangutan,75,1
500,A,orangutan,76,1
501,C,orangutan,77,1
502,C,orangutan,78,1
503,G,orangutan,79,1
504,C,orangutan,80,1
505,-,orangutan,81,1
506,-,orangutan,82,1
507,-,orangutan,83,1
508,-,orangutan,84,1
509,-,orangutan,85,1
510,-,orangutan,86,1
511,C,orangutan,87,1
512,G,orangutan,88,1
513,C,orangutan,89,1
514,T,orangutan,90,1
515,G,orangutan,91,1
516,C,orangutan,92,1
517,T,orangutan,93,1
518,G,orangutan,94,1
519,C,orangutan,95,1
520,C,orangutan,96,1
521,G,orangutan,97,1
522,G,orangutan,98,1
523,A,orangutan,99,1
524,G,orangutan,100,1
525,A,orangutan,101,1
526,A,orangutan,102,1
527,A,orangutan,103,1
528,G,orangutan,104,1
529,A,orangutan,105,1
530,G,orangutan,106,1
531,C,orangutan,107,1
532,A,orangutan,108,1
533,C,orangutan,109,1
534,G,orangutan,110,1
535,A,orangutan,111,1
536,G,orangutan,112,1
537,C,orangutan,113,1
538,G,orangutan,114,1
539,G,orangutan,115,1
540,G,orangutan,116,1
541,G,orangutan,117,1
542,A,orangutan,118,1
543,A,orangutan,119,1
544,G,orangutan,120,1
545,C,orangutan,121,1
546,C,orangutan,122,1
547,C,orangutan,123,1
548,C,orangutan,124,1
549,A,orangutan,125,1
550,G,orangutan,126,1
551,A,orangutan,127,1
552,G,orangutan,128,1
553,T,orangutan,129,1
554,G,orangutan,130,1
555,A,orangutan,131,1
556,A,orangutan,132,1
557,A,orangutan,133,1
558,T,orangutan,134,1
559,C,orangutan,135,1
560,T,orangutan,136,1
561,A,orangutan,137,1
562,G,orangutan,138,1
563,C,orangutan,139,1
564,A,orangutan,140,1
565,T,orangutan,141,1
566,C,orangutan,142,1
567,C,orangutan,143,1
568,T,orangutan,144,1
569,G,orangutan,145,1
570,C,orangutan,146,1
571,C,orangutan,147,1
572,G,orangutan,148,1
573,G,orangutan,149,1
574,C,orangutan,150,1
575,T,orangutan,151,1
576,G,orangutan,152,1
577,G,orangutan,153,1
578,T,orangutan,154,1
579,C,orangutan,155,1
580,-,orangutan,156,1
581,T,orangutan,157,1
582,G,orangutan,158,1
583,C,orangutan,159,1
584,C,orangutan,160,1
585,C,orangutan,161,1
586,G,orangutan,162,1
587,C,orangutan,163,1
588,C,orangutan,164,1
589,-,orangutan,165,1
590,C,orangutan,166,1
591,C,orangutan,167,1
592,T,orangutan,168,1
593,C,orangutan,169,1
594,C,orangutan,170,1
595,T,orangutan,171,1
596,T,orangutan,172,1
597,C,orangutan,173,1
598,C,orangutan,174,1
599,T,orangutan,175,1
600,T,orangutan,176,1
601,T,orangutan,177,1
602,T,orangutan,178,1
603,C,orangutan,179,1
604,C,orangutan,180,1
605,C,orangutan,181,1
606,C,orangutan,182,1
607,-,orangutan,183,1
608,C,orangutan,184,1
609,G,orangutan,185,1
610,G,orangutan,186,1
611,C,orangutan,187,1
612,C,orangutan,188,1
613,-,orangutan,189,1
614,C,orangutan,190,1
615,C,orangutan,191,1
616,C,orangutan,192,1
617,G,orangutan,193,1
618,T,orangutan,194,1
619,C,orangutan,195,1
620,C,orangutan,196,1
621,C,orangutan,197,1
622,C,orangutan,198,1
623,T,orangutan,199,1
624,C,orangutan,200,1
625,C,orangutan,201,1
626,C,orangutan,202,1
627,-,orangutan,203,1
628,C,orangutan,204,1
629,C,orangutan,205,1
630,C,orangutan,206,1
631,G,orangutan,207,1
632,C,orangutan,208,1
633,A,orangutan,209,1
634,G,orangutan,210,1
635,G,orangutan,211,1
636,A,macaque,0,1
637,G,macaque,1,1
638,G,macaque,2,1
639,C,macaque,3,1
640,C,macaque,4,1
641,A,macaque,5,1
642,G,macaque,6,1
643,C,macaque,7,1
644,C,macaque,8,1
645,G,macaque,9,1
646,G,macaque,10,1
647,C,macaque,11,1
648,G,macaque,12,1
649,C,macaque,13,1
650,C,macaque,14,1
651,A,macaque,15,1
652,T,macaque,16,1
653,T,macaque,17,1
654,T,macaque,18,1
655,T,macaque,19,1
656,G,macaque,20,1
657,A,macaque,21,1
658,A,macaque,22,1
659,A,macaque,23,1
660,G,macaque,24,1
661,T,macaque,25,1
662,G,macaque,26,1
663,G,macaque,27,1
664,A,macaque,28,1
665,G,macaque,29,1
666,T,macaque,30,1
667,C,macaque,31,1
668,G,macaque,32,1
669,C,macaque,33,1
670,C,macaque,34,1
671,T,macaque,35,1
672,A,macaque,36,1
673,C,macaque,37,1
674,C,macaque,38,1
675,C,macaque,39,1
676,C,macaque,40,1
677,T,macaque,41,1
678,G,macaque,42,1
679,C,macaque,43,1
680,C,macaque,44,1
681,G,macaque,45,1
682,C,macaque,46,1
683,T,macaque,47,1
684,G,macaque,48,1
685,C,macaque,49,1
686,C,macaque,50,1
687,G,macaque,51,1
688,C,macaque,52,1
689,C,macaque,53,1
690,G,macaque,54,1
691,C,macaque,55,1
692,C,macaque,56,1
693,G,macaque,57,1
694,C,macaque,58,1
695,C,macaque,59,1
696,G,macaque,60,1
697,T,macaque,61,1
698,C,macaque,62,1
699,G,macaque,63,1
700,C,macaque,64,1
701,T,macaque,65,1
702,G,macaque,66,1
703,-,macaque,67,1
704,T,macaque,68,1
705,C,macaque,69,1
706,G,macaque,70,1
707,T,macaque,71,1
708,A,macaque,72,1
709,G,macaque,73,1
710,C,macaque,74,1
711,C,macaque,75,1
712,G,macaque,76,1
713,C,macaque,77,1
714,C,macaque,78,1
715,G,macaque,79,1
716,C,macaque,80,1
717,-,macaque,81,1
718,-,macaque,82,1
719,-,macaque,83,1
720,-,macaque,84,1
721,-,macaque,85,1
722,-,macaque,86,1
723,T,macaque,87,1
724,G,macaque,88,1
725,C,macaque,89,1
726,C,macaque,90,1
727,G,macaque,91,1
728,C,macaque,92,1
729,T,macaque,93,1
730,G,macaque,94,1
731,C,macaque,95,1
732,C,macaque,96,1
733,G,macaque,97,1
734,G,macaque,98,1
735,A,macaque,99,1
736,G,macaque,100,1
737,A,macaque,101,1
738,A,macaque,102,1
739,A,macaque,103,1
740,G,macaque,104,1
741,A,macaque,105,1
742,G,macaque,106,1
743,C,macaque,107,1
744,A,macaque,108,1
745,C,macaque,109,1
746,G,macaque,110,1
747,A,macaque,111,1
748,G,macaque,112,1
749,C,macaque,113,1
750,G,macaque,114,1
751,G,macaque,115,1
752,G,macaque,116,1
753,G,macaque,117,1
754,A,macaque,118,1
755,A,macaque,119,1
756,G,macaque,120,1
757,C,macaque,121,1
758,C,macaque,122,1
759,C,macaque,123,1
760,C,macaque,124,1
761,A,macaque,125,1
762,G,macaque,126,1
763,A,macaque,127,1
764,G,macaque,128,1
765,T,macaque,129,1
766,G,macaque,130,1
767,A,macaque,131,1
768,A,macaque,132,1
769,A,macaque,133,1
770,T,macaque,134,1
771,C,macaque,135,1
772,T,macaque,136,1
773,A,macaque,137,1
774,G,macaque,138,1
775,C,macaque,139,1
776,A,macaque,140,1
777,T,macaque,141,1
778,C,macaque,142,1
779,C,macaque,143,1
780,T,macaque,144,1
781,G,macaque,145,1
782,C,macaque,146,1
783,C,macaque,147,1
784,G,macaque,148,1
785,G,macaque,149,1
786,C,macaque,150,1
787,T,macaque,151,1
788,G,macaque,152,1
789,G,macaque,153,1
790,T,macaque,154,1
791,C,macaque,155,1
792,-,macaque,156,1
793,T,macaque,157,1
794,G,macaque,158,1
795,C,macaque,159,1
796,C,macaque,160,1
797,C,macaque,161,1
798,G,macaque,162,1
799,C,macaque,163,1
800,C,macaque,164,1
801,-,macaque,165,1
802,C,macaque,166,1
803,C,macaque,167,1
804,T,macaque,168,1
805,C,macaque,169,1
806,C,macaque,170,1
807,T,macaque,171,1
808,T,macaque,172,1
809,C,macaque,173,1
810,C,macaque,174,1
811,T,macaque,175,1
812,T,macaque,176,1
813,T,macaque,177,1
814,T,macaque,178,1
815,C,macaque,179,1
816,C,macaque,180,1
817,C,macaque,181,1
818,C,macaque,182,1
819,-,macaque,183,1
820,C,macaque,184,1
821,G,macaque,185,1
822,G,macaque,186,1
823,C,macaque,187,1
824,C,macaque,188,1
825,-,macaque,189,1
826,C,macaque,190,1
827,C,macaque,191,1
828,C,macaque,192,1
829,G,macaque,193,1
830,T,macaque,194,1
831,C,macaque,195,1
832,C,macaque,196,1
833,C,macaque,197,1
834,C,macaque,198,1
835,T,macaque,199,1
836,C,macaque,200,1
837,C,macaque,201,1
838,C,macaque,202,1
839,-,macaque,203,1
840,C,macaque,204,1
841,C,macaque,205,1
842,C,macaque,206,1
843,G,macaque,207,1
844,C,macaque,208,1
845,A,macaque,209,1
846,G,macaque,210,1
847,G,macaque,211,1
848,A,lemur,0,1
849,G,lemur,1,1
850,G,lemur,2,1
851,C,lemur,3,1
852,C,lemur,4,1
853,A,lemur,5,1
854,G,lemur,6,1
855,C,lemur,7,1
856,G,lemur,8,1
857,G,lemur,9,1
858,G,lemur,10,1
859,C,lemur,11,1
860,G,lemur,12,1
861,C,lemur,13,1
862,C,lemur,14,1
863,A,lemur,15,1
864,T,lemur,16,1
865,T,lemur,17,1
866,T,lemur,18,1
867,T,lemur,19,1
868,G,lemur,20,1
869,A,lemur,21,1
870,A,lemur,22,1
871,A,lemur,23,1
872,G,lemur,24,1
873,T,lemur,25,1
874,G,lemur,26,1
875,G,lemur,27,1
876,A,lemur,28,1
877,G,lemur,29,1
878,T,lemur,30,1
879,C,lemur,31,1
880,G,lemur,32,1
881,C,lemur,33,1
882,C,lemur,34,1
883,T,lemur,35,1
884,G,lemur,36,1
885,C,lemur,37,1
886,C,lemur,38,1
887,C,lemur,39,1
888,C,lemur,40,1
889,T,lemur,41,1
890,G,lemur,42,1
891,-,lemur,43,1
892,-,lemur,44,1
893,-,lemur,45,1
894,C,lemur,46,1
895,T,lemur,47,1
896,G,lemur,48,1
897,C,lemur,49,1
898,C,lemur,50,1
899,G,lemur,51,1
900,C,lemur,52,1
901,C,lemur,53,1
902,G,lemur,54,1
903,G,lemur,55,1
904,C,lemur,56,1
905,G,lemur,57,1
906,C,lemur,58,1
907,C,lemur,59,1
908,G,lemur,60,1
909,T,lemur,61,1
910,C,lemur,62,1
911,G,lemur,63,1
912,C,lemur,64,1
913,T,lemur,65,1
914,G,lemur,66,1
915,-,lemur,67,1
916,T,lemur,68,1
917,C,lemur,69,1
918,G,lemur,70,1
919,T,lemur,71,1
920,A,lemur,72,1
921,G,lemur,73,1
922,C,lemur,74,1
923,C,lemur,75,1
924,G,lemur,76,1
925,C,lemur,77,1
926,C,lemur,78,1
927,G,lemur,79,1
928,C,lemur,80,1
929,C,lemur,81,1
930,A,lemur,82,1
931,C,lemur,83,1
932,T,lemur,84,1
933,G,lemur,85,1
934,C,lemur,86,1
935,C,lemur,87,1
936,G,lemur,88,1
937,C,lemur,89,1
938,C,lemur,90,1
939,G,lemur,91,1
940,C,lemur,92,1
941,C,lemur,93,1
942,G,lemur,94,1
943,C,lemur,95,1
944,C,lemur,96,1
945,G,lemur,97,1
946,G,lemur,98,1
947,A,lemur,99,1
948,G,lemur,100,1
949,A,lemur,101,1
950,A,lemur,102,1
951,G,lemur,103,1
952,G,lemur,104,1
953,A,lemur,105,1
954,G,lemur,106,1
955,C,lemur,107,1
956,A,lemur,108,1
957,G,lemur,109,1
958,G,lemur,110,1
959,A,lemur,111,1
960,G,lemur,112,1
961,C,lemur,113,1
962,G,lemur,114,1
963,G,lemur,115,1
964,G,lemur,116,1
965,G,lemur,117,1
966,A,lemur,118,1
967,A,lemur,119,1
968,G,lemur,120,1
969,C,lemur,121,1
970,C,lemur,122,1
971,C,lemur,123,1
972,C,lemur,124,1
973,A,lemur,125,1
974,G,lemur,126,1
975,A,lemur,127,1
976,G,lemur,128,1
977,T,lemur,129,1
978,G,lemur,130,1
979,A,lemur,131,1
980,A,lemur,132,1
981,A,lemur,133,1
982,T,lemur,134,1
983,C,lemur,135,1
984,C,lemur,136,1
985,A,lemur,137,1
986,C,lemur,138,1
987,C,lemur,139,1
988,G,lemur,140,1
989,T,lemur,141,1
990,C,lemur,142,1
991,C,lemur,143,1
992,T,lemur,144,1
993,G,lemur,145,1
994,C,lemur,146,1
995,T,lemur,147,1
996,G,lemur,148,1
997,G,lemur,149,1
998,C,lemur,150,1
999,C,lemur,151,1
1000,G,lemur,152,1
1001,G,lemur,153,1
1002,T,lemur,154,1
1003,C,lemur,155,1
1004,-,lemur,156,1
1005,T,lemur,157,1
1006,G,lemur,158,1
1007,C,lemur,159,1
1008,T,lemur,160,1
1009,C,lemur,161,1
1010,G,lemur,162,1
1011,C,lemur,163,1
1012,C,lemur,164,1
1013,-,lemur,165,1
1014,C,lemur,166,1
1015,C,lemur,167,1
1016,T,lemur,168,1
1017,C,lemur,169,1
1018,C,lemur,170,1
1019,T,lemur,171,1
1020,T,lemur,172,1
1021,C,lemur,173,1
1022,C,lemur,174,1
1023,T,lemur,175,1
1024,G,lemur,176,1
1025,C,lemur,177,1
1026,T,lemur,178,1
1027,C,lemur,179,1
1028,C,lemur,180,1
1029,C,lemur,181,1
1030,C,lemur,182,1
1031,-,lemur,183,1
1032,C,lemur,184,1
1033,G,lemur,185,1
1034,G,lemur,186,1
1035,C,lemur,187,1
1036,C,lemur,188,1
1037,-,lemur,189,1
1038,C,lemur,190,1
1039,C,lemur,191,1
1040,C,lemur,192,1
1041,G,lemur,193,1
1042,C,lemur,194,1
1043,C,lemur,195,1
1044,C,lemur,196,1
1045,C,lemur,197,1
1046,C,lemur,198,1
1047,T,lemur,199,1
1048,C,lemur,200,1
1049,C,lemur,201,1
1050,C,lemur,202,1
1051,-,lemur,203,1
1052,C,lemur,204,1
1053,C,lemur,205,1
1054,C,lemur,206,1
1055,A,lemur,207,1
1056,C,lemur,208,1
1057,A,lemur,209,1
1058,G,lemur,210,1
1059,G,lemur,211,1
