gen,base,row,start,end,position,y_value
gen1,A,human,1,2,2.5,1
gen1,G,human,2,3,3.5,1
gen1,G,human,3,4,4.5,1
gen1,C,human,4,5,5.5,1
gen1,C,human,5,6,6.5,1
gen1,A,human,6,7,7.5,1
gen1,G,human,7,8,8.5,1
gen1,C,human,8,9,9.5,1
gen1,C,human,9,10,10.5,1
gen1,G,human,10,11,11.5,1
gen1,G,human,11,12,12.5,1
gen1,C,human,12,13,13.5,1
gen1,G,human,13,14,14.5,1
gen1,C,human,14,15,15.5,1
gen1,C,human,15,16,16.5,1
gen1,A,human,16,17,17.5,1
gen1,T,human,17,18,18.5,1
gen1,T,human,18,19,19.5,1
gen1,T,human,19,20,20.5,1
gen1,T,human,20,21,21.5,1
gen1,G,human,21,22,22.5,1
gen1,A,human,22,23,23.5,1
gen1,A,human,23,24,24.5,1
gen1,A,human,24,25,25.5,1
gen1,G,human,25,26,26.5,1
gen1,T,human,26,27,27.5,1
gen1,G,human,27,28,28.5,1
gen1,G,human,28,29,29.5,1
gen1,A,human,29,30,30.5,1
gen1,G,human,30,31,31.5,1
gen1,T,human,31,32,32.5,1
gen1,C,human,32,33,33.5,1
gen1,G,human,33,34,34.5,1
gen1,C,human,34,35,35.5,1
gen1,C,human,35,36,36.5,1
gen1,T,human,36,37,37.5,1
gen1,G,human,37,38,38.5,1
gen1,C,human,38,39,39.5,1
gen1,C,human,39,40,40.5,1
gen1,C,human,40,41,41.5,1
gen1,C,human,41,42,42.5,1
gen1,T,human,42,43,43.5,1
gen1,G,human,43,44,44.5,1
gen1,C,human,44,45,45.5,1
gen1,C,human,45,46,46.5,1
gen1,G,human,46,47,47.5,1
gen1,C,human,47,48,48.5,1
gen1,T,human,48,49,49.5,1
gen1,G,human,49,50,50.5,1
gen1,C,human,50,51,51.5,1
gen1,C,human,51,52,52.5,1
gen1,G,human,52,53,53.5,1
gen1,C,human,53,54,54.5,1
gen1,C,human,54,55,55.5,1
gen1,G,human,55,56,56.5,1
gen1,C,human,56,57,57.5,1
gen1,C,human,57,58,58.5,1
gen1,G,human,58,59,59.5,1
gen1,C,human,59,60,60.5,1
gen1,C,human,60,61,61.5,1
gen1,G,human,61,62,62.5,1
gen1,T,human,62,63,63.5,1
gen1,C,human,63,64,64.5,1
gen1,G,human,64,65,65.5,1
gen1,C,human,65,66,66.5,1
gen1,T,human,66,67,67.5,1
gen1,G,human,67,68,68.5,1
gen1,-,human,68,69,69.5,1
gen1,T,human,69,70,70.5,1
gen1,C,human,70,71,71.5,1
gen1,G,human,71,72,72.5,1
gen1,T,human,72,73,73.5,1
gen1,A,human,73,74,74.5,1
gen1,G,human,74,75,75.5,1
gen1,T,human,75,76,76.5,1
gen1,C,human,76,77,77.5,1
gen1,G,human,77,78,78.5,1
gen1,C,human,78,79,79.5,1
gen1,C,human,79,80,80.5,1
gen1,G,human,80,81,81.5,1
gen1,C,human,81,82,82.5,1
gen1,-,human,82,83,83.5,1
gen1,-,human,83,84,84.5,1
gen1,-,human,84,85,85.5,1
gen1,-,human,85,86,86.5,1
gen1,-,human,86,87,87.5,1
gen1,-,human,87,88,88.5,1
gen1,C,human,88,89,89.5,1
gen1,G,human,89,90,90.5,1
gen1,C,human,90,91,91.5,1
gen1,C,human,91,92,92.5,1
gen1,G,human,92,93,93.5,1
gen1,C,human,93,94,94.5,1
gen1,T,human,94,95,95.5,1
gen1,G,human,95,96,96.5,1
gen1,C,human,96,97,97.5,1
gen1,C,human,97,98,98.5,1
gen1,G,human,98,99,99.5,1
gen1,G,human,99,100,100.5,1
gen1,A,human,100,101,101.5,1
gen1,G,human,101,102,102.5,1
gen1,A,human,102,103,103.5,1
gen1,A,human,103,104,104.5,1
gen1,A,human,104,105,105.5,1
gen1,G,human,105,106,106.5,1
gen1,A,human,106,107,107.5,1
gen1,G,human,107,108,108.5,1
gen1,C,human,108,109,109.5,1
gen1,A,human,109,110,110.5,1
gen1,C,human,110,111,111.5,1
gen1,G,human,111,112,112.5,1
gen1,A,human,112,113,113.5,1
gen1,G,human,113,114,114.5,1
gen1,C,human,114,115,115.5,1
gen1,G,human,115,116,116.5,1
gen1,G,human,116,117,117.5,1
gen1,G,human,117,118,118.5,1
gen1,G,human,118,119,119.5,1
gen1,A,human,119,120,120.5,1
gen1,A,human,120,121,121.5,1
gen1,G,human,121,122,122.5,1
gen1,C,human,122,123,123.5,1
gen1,C,human,123,124,124.5,1
gen1,C,human,124,125,125.5,1
gen1,C,human,125,126,126.5,1
gen1,A,human,126,127,127.5,1
gen1,G,human,127,128,128.5,1
gen1,A,human,128,129,129.5,1
gen1,G,human,129,130,130.5,1
gen1,T,human,130,131,131.5,1
gen1,G,human,131,132,132.5,1
gen1,A,human,132,133,133.5,1
gen1,A,human,133,134,134.5,1
gen1,A,human,134,135,135.5,1
gen1,T,human,135,136,136.5,1
gen1,C,human,136,137,137.5,1
gen1,T,human,137,138,138.5,1
gen1,A,human,138,139,139.5,1
gen1,G,human,139,140,140.5,1
gen1,C,human,140,141,141.5,1
gen1,A,human,141,142,142.5,1
gen1,T,human,142,143,143.5,1
gen1,C,human,143,144,144.5,1
gen1,C,human,144,145,145.5,1
gen1,T,human,145,146,146.5,1
gen1,G,human,146,147,147.5,1
gen1,C,human,147,148,148.5,1
gen1,C,human,148,149,149.5,1
gen1,G,human,149,150,150.5,1
gen1,G,human,150,151,151.5,1
gen1,C,human,151,152,152.5,1
gen1,T,human,152,153,153.5,1
gen1,G,human,153,154,154.5,1
gen1,G,human,154,155,155.5,1
gen1,T,human,155,156,156.5,1
gen1,C,human,156,157,157.5,1
gen1,-,human,157,158,158.5,1
gen1,T,human,158,159,159.5,1
gen1,G,human,159,160,160.5,1
gen1,C,human,160,161,161.5,1
gen1,C,human,161,162,162.5,1
gen1,C,human,162,163,163.5,1
gen1,G,human,163,164,164.5,1
gen1,C,human,164,165,165.5,1
gen1,C,human,165,166,166.5,1
gen1,-,human,166,167,167.5,1
gen1,C,human,167,168,168.5,1
gen1,C,human,168,169,169.5,1
gen1,T,human,169,170,170.5,1
gen1,C,human,170,171,171.5,1
gen1,C,human,171,172,172.5,1
gen1,T,human,172,173,173.5,1
gen1,T,human,173,174,174.5,1
gen1,C,human,174,175,175.5,1
gen1,C,human,175,176,176.5,1
gen1,T,human,176,177,177.5,1
gen1,T,human,177,178,178.5,1
gen1,T,human,178,179,179.5,1
gen1,T,human,179,180,180.5,1
gen1,C,human,180,181,181.5,1
gen1,C,human,181,182,182.5,1
gen1,C,human,182,183,183.5,1
gen1,C,human,183,184,184.5,1
gen1,C,human,184,185,185.5,1
gen1,C,human,185,186,186.5,1
gen1,G,human,186,187,187.5,1
gen1,G,human,187,188,188.5,1
gen1,C,human,188,189,189.5,1
gen1,C,human,189,190,190.5,1
gen1,-,human,190,191,191.5,1
gen1,C,human,191,192,192.5,1
gen1,C,human,192,193,193.5,1
gen1,C,human,193,194,194.5,1
gen1,G,human,194,195,195.5,1
gen1,T,human,195,196,196.5,1
gen1,C,human,196,197,197.5,1
gen1,C,human,197,198,198.5,1
gen1,C,human,198,199,199.5,1
gen1,C,human,199,200,200.5,1
gen1,T,human,200,201,201.5,1
gen1,C,human,201,202,202.5,1
gen1,C,human,202,203,203.5,1
gen1,C,human,203,204,204.5,1
gen1,-,human,204,205,205.5,1
gen1,C,human,205,206,206.5,1
gen1,C,human,206,207,207.5,1
gen1,C,human,207,208,208.5,1
gen1,G,human,208,209,209.5,1
gen1,C,human,209,210,210.5,1
gen1,A,human,210,211,211.5,1
gen1,G,human,211,212,212.5,1
gen1,G,human,212,213,213.5,1
gen1,A,chimp,1,2,2.5,1
gen1,G,chimp,2,3,3.5,1
gen1,G,chimp,3,4,4.5,1
gen1,C,chimp,4,5,5.5,1
gen1,C,chimp,5,6,6.5,1
gen1,A,chimp,6,7,7.5,1
gen1,G,chimp,7,8,8.5,1
gen1,C,chimp,8,9,9.5,1
gen1,C,chimp,9,10,10.5,1
gen1,G,chimp,10,11,11.5,1
gen1,G,chimp,11,12,12.5,1
gen1,C,chimp,12,13,13.5,1
gen1,G,chimp,13,14,14.5,1
gen1,C,chimp,14,15,15.5,1
gen1,C,chimp,15,16,16.5,1
gen1,A,chimp,16,17,17.5,1
gen1,T,chimp,17,18,18.5,1
gen1,T,chimp,18,19,19.5,1
gen1,T,chimp,19,20,20.5,1
gen1,T,chimp,20,21,21.5,1
gen1,G,chimp,21,22,22.5,1
gen1,A,chimp,22,23,23.5,1
gen1,A,chimp,23,24,24.5,1
gen1,A,chimp,24,25,25.5,1
gen1,G,chimp,25,26,26.5,1
gen1,T,chimp,26,27,27.5,1
gen1,G,chimp,27,28,28.5,1
gen1,G,chimp,28,29,29.5,1
gen1,A,chimp,29,30,30.5,1
gen1,G,chimp,30,31,31.5,1
gen1,T,chimp,31,32,32.5,1
gen1,C,chimp,32,33,33.5,1
gen1,G,chimp,33,34,34.5,1
gen1,C,chimp,34,35,35.5,1
gen1,C,chimp,35,36,36.5,1
gen1,T,chimp,36,37,37.5,1
gen1,G,chimp,37,38,38.5,1
gen1,C,chimp,38,39,39.5,1
gen1,C,chimp,39,40,40.5,1
gen1,C,chimp,40,41,41.5,1
gen1,C,chimp,41,42,42.5,1
gen1,T,chimp,42,43,43.5,1
gen1,G,chimp,43,44,44.5,1
gen1,C,chimp,44,45,45.5,1
gen1,C,chimp,45,46,46.5,1
gen1,G,chimp,46,47,47.5,1
gen1,C,chimp,47,48,48.5,1
gen1,T,chimp,48,49,49.5,1
gen1,G,chimp,49,50,50.5,1
gen1,C,chimp,50,51,51.5,1
gen1,C,chimp,51,52,52.5,1
gen1,G,chimp,52,53,53.5,1
gen1,C,chimp,53,54,54.5,1
gen1,C,chimp,54,55,55.5,1
gen1,G,chimp,55,56,56.5,1
gen1,C,chimp,56,57,57.5,1
gen1,C,chimp,57,58,58.5,1
gen1,G,chimp,58,59,59.5,1
gen1,C,chimp,59,60,60.5,1
gen1,C,chimp,60,61,61.5,1
gen1,G,chimp,61,62,62.5,1
gen1,T,chimp,62,63,63.5,1
gen1,C,chimp,63,64,64.5,1
gen1,G,chimp,64,65,65.5,1
gen1,C,chimp,65,66,66.5,1
gen1,T,chimp,66,67,67.5,1
gen1,G,chimp,67,68,68.5,1
gen1,-,chimp,68,69,69.5,1
gen1,T,chimp,69,70,70.5,1
gen1,C,chimp,70,71,71.5,1
gen1,G,chimp,71,72,72.5,1
gen1,T,chimp,72,73,73.5,1
gen1,A,chimp,73,74,74.5,1
gen1,G,chimp,74,75,75.5,1
gen1,T,chimp,75,76,76.5,1
gen1,C,chimp,76,77,77.5,1
gen1,G,chimp,77,78,78.5,1
gen1,C,chimp,78,79,79.5,1
gen1,C,chimp,79,80,80.5,1
gen1,G,chimp,80,81,81.5,1
gen1,C,chimp,81,82,82.5,1
gen1,-,chimp,82,83,83.5,1
gen1,-,chimp,83,84,84.5,1
gen1,-,chimp,84,85,85.5,1
gen1,-,chimp,85,86,86.5,1
gen1,-,chimp,86,87,87.5,1
gen1,-,chimp,87,88,88.5,1
gen1,C,chimp,88,89,89.5,1
gen1,G,chimp,89,90,90.5,1
gen1,C,chimp,90,91,91.5,1
gen1,C,chimp,91,92,92.5,1
gen1,G,chimp,92,93,93.5,1
gen1,C,chimp,93,94,94.5,1
gen1,T,chimp,94,95,95.5,1
gen1,G,chimp,95,96,96.5,1
gen1,C,chimp,96,97,97.5,1
gen1,C,chimp,97,98,98.5,1
gen1,G,chimp,98,99,99.5,1
gen1,G,chimp,99,100,100.5,1
gen1,A,chimp,100,101,101.5,1
gen1,G,chimp,101,102,102.5,1
gen1,A,chimp,102,103,103.5,1
gen1,A,chimp,103,104,104.5,1
gen1,A,chimp,104,105,105.5,1
gen1,G,chimp,105,106,106.5,1
gen1,A,chimp,106,107,107.5,1
gen1,G,chimp,107,108,108.5,1
gen1,C,chimp,108,109,109.5,1
gen1,A,chimp,109,110,110.5,1
gen1,C,chimp,110,111,111.5,1
gen1,G,chimp,111,112,112.5,1
gen1,A,chimp,112,113,113.5,1
gen1,G,chimp,113,114,114.5,1
gen1,C,chimp,114,115,115.5,1
gen1,G,chimp,115,116,116.5,1
gen1,G,chimp,116,117,117.5,1
gen1,G,chimp,117,118,118.5,1
gen1,G,chimp,118,119,119.5,1
gen1,A,chimp,119,120,120.5,1
gen1,A,chimp,120,121,121.5,1
gen1,G,chimp,121,122,122.5,1
gen1,C,chimp,122,123,123.5,1
gen1,C,chimp,123,124,124.5,1
gen1,C,chimp,124,125,125.5,1
gen1,C,chimp,125,126,126.5,1
gen1,A,chimp,126,127,127.5,1
gen1,G,chimp,127,128,128.5,1
gen1,A,chimp,128,129,129.5,1
gen1,G,chimp,129,130,130.5,1
gen1,T,chimp,130,131,131.5,1
gen1,G,chimp,131,132,132.5,1
gen1,A,chimp,132,133,133.5,1
gen1,A,chimp,133,134,134.5,1
gen1,A,chimp,134,135,135.5,1
gen1,T,chimp,135,136,136.5,1
gen1,C,chimp,136,137,137.5,1
gen1,T,chimp,137,138,138.5,1
gen1,A,chimp,138,139,139.5,1
gen1,G,chimp,139,140,140.5,1
gen1,C,chimp,140,141,141.5,1
gen1,A,chimp,141,142,142.5,1
gen1,T,chimp,142,143,143.5,1
gen1,C,chimp,143,144,144.5,1
gen1,C,chimp,144,145,145.5,1
gen1,T,chimp,145,146,146.5,1
gen1,G,chimp,146,147,147.5,1
gen1,C,chimp,147,148,148.5,1
gen1,C,chimp,148,149,149.5,1
gen1,G,chimp,149,150,150.5,1
gen1,G,chimp,150,151,151.5,1
gen1,C,chimp,151,152,152.5,1
gen1,T,chimp,152,153,153.5,1
gen1,G,chimp,153,154,154.5,1
gen1,G,chimp,154,155,155.5,1
gen1,T,chimp,155,156,156.5,1
gen1,C,chimp,156,157,157.5,1
gen1,-,chimp,157,158,158.5,1
gen1,T,chimp,158,159,159.5,1
gen1,G,chimp,159,160,160.5,1
gen1,C,chimp,160,161,161.5,1
gen1,C,chimp,161,162,162.5,1
gen1,C,chimp,162,163,163.5,1
gen1,G,chimp,163,164,164.5,1
gen1,C,chimp,164,165,165.5,1
gen1,C,chimp,165,166,166.5,1
gen1,-,chimp,166,167,167.5,1
gen1,C,chimp,167,168,168.5,1
gen1,C,chimp,168,169,169.5,1
gen1,T,chimp,169,170,170.5,1
gen1,C,chimp,170,171,171.5,1
gen1,C,chimp,171,172,172.5,1
gen1,T,chimp,172,173,173.5,1
gen1,T,chimp,173,174,174.5,1
gen1,C,chimp,174,175,175.5,1
gen1,C,chimp,175,176,176.5,1
gen1,T,chimp,176,177,177.5,1
gen1,T,chimp,177,178,178.5,1
gen1,T,chimp,178,179,179.5,1
gen1,T,chimp,179,180,180.5,1
gen1,C,chimp,180,181,181.5,1
gen1,C,chimp,181,182,182.5,1
gen1,C,chimp,182,183,183.5,1
gen1,C,chimp,183,184,184.5,1
gen1,-,chimp,184,185,185.5,1
gen1,C,chimp,185,186,186.5,1
gen1,G,chimp,186,187,187.5,1
gen1,G,chimp,187,188,188.5,1
gen1,C,chimp,188,189,189.5,1
gen1,C,chimp,189,190,190.5,1
gen1,-,chimp,190,191,191.5,1
gen1,C,chimp,191,192,192.5,1
gen1,C,chimp,192,193,193.5,1
gen1,C,chimp,193,194,194.5,1
gen1,G,chimp,194,195,195.5,1
gen1,T,chimp,195,196,196.5,1
gen1,C,chimp,196,197,197.5,1
gen1,C,chimp,197,198,198.5,1
gen1,C,chimp,198,199,199.5,1
gen1,C,chimp,199,200,200.5,1
gen1,T,chimp,200,201,201.5,1
gen1,C,chimp,201,202,202.5,1
gen1,C,chimp,202,203,203.5,1
gen1,C,chimp,203,204,204.5,1
gen1,-,chimp,204,205,205.5,1
gen1,C,chimp,205,206,206.5,1
gen1,C,chimp,206,207,207.5,1
gen1,C,chimp,207,208,208.5,1
gen1,G,chimp,208,209,209.5,1
gen1,C,chimp,209,210,210.5,1
gen1,A,chimp,210,211,211.5,1
gen1,G,chimp,211,212,212.5,1
gen1,G,chimp,212,213,213.5,1
gen1,A,orangutan,1,2,2.5,1
gen1,G,orangutan,2,3,3.5,1
gen1,G,orangutan,3,4,4.5,1
gen1,C,orangutan,4,5,5.5,1
gen1,C,orangutan,5,6,6.5,1
gen1,A,orangutan,6,7,7.5,1
gen1,G,orangutan,7,8,8.5,1
gen1,C,orangutan,8,9,9.5,1
gen1,C,orangutan,9,10,10.5,1
gen1,G,orangutan,10,11,11.5,1
gen1,G,orangutan,11,12,12.5,1
gen1,C,orangutan,12,13,13.5,1
gen1,G,orangutan,13,14,14.5,1
gen1,C,orangutan,14,15,15.5,1
gen1,C,orangutan,15,16,16.5,1
gen1,A,orangutan,16,17,17.5,1
gen1,T,orangutan,17,18,18.5,1
gen1,T,orangutan,18,19,19.5,1
gen1,T,orangutan,19,20,20.5,1
gen1,T,orangutan,20,21,21.5,1
gen1,G,orangutan,21,22,22.5,1
gen1,A,orangutan,22,23,23.5,1
gen1,A,orangutan,23,24,24.5,1
gen1,A,orangutan,24,25,25.5,1
gen1,G,orangutan,25,26,26.5,1
gen1,T,orangutan,26,27,27.5,1
gen1,G,orangutan,27,28,28.5,1
gen1,G,orangutan,28,29,29.5,1
gen1,A,orangutan,29,30,30.5,1
gen1,G,orangutan,30,31,31.5,1
gen1,T,orangutan,31,32,32.5,1
gen1,C,orangutan,32,33,33.5,1
gen1,G,orangutan,33,34,34.5,1
gen1,C,orangutan,34,35,35.5,1
gen1,C,orangutan,35,36,36.5,1
gen1,T,orangutan,36,37,37.5,1
gen1,G,orangutan,37,38,38.5,1
gen1,C,orangutan,38,39,39.5,1
gen1,C,orangutan,39,40,40.5,1
gen1,C,orangutan,40,41,41.5,1
gen1,C,orangutan,41,42,42.5,1
gen1,T,orangutan,42,43,43.5,1
gen1,G,orangutan,43,44,44.5,1
gen1,C,orangutan,44,45,45.5,1
gen1,C,orangutan,45,46,46.5,1
gen1,G,orangutan,46,47,47.5,1
gen1,C,orangutan,47,48,48.5,1
gen1,T,orangutan,48,49,49.5,1
gen1,G,orangutan,49,50,50.5,1
gen1,C,orangutan,50,51,51.5,1
gen1,C,orangutan,51,52,52.5,1
gen1,G,orangutan,52,53,53.5,1
gen1,C,orangutan,53,54,54.5,1
gen1,C,orangutan,54,55,55.5,1
gen1,G,orangutan,55,56,56.5,1
gen1,C,orangutan,56,57,57.5,1
gen1,C,orangutan,57,58,58.5,1
gen1,G,orangutan,58,59,59.5,1
gen1,C,orangutan,59,60,60.5,1
gen1,C,orangutan,60,61,61.5,1
gen1,G,orangutan,61,62,62.5,1
gen1,T,orangutan,62,63,63.5,1
gen1,C,orangutan,63,64,64.5,1
gen1,G,orangutan,64,65,65.5,1
gen1,C,orangutan,65,66,66.5,1
gen1,T,orangutan,66,67,67.5,1
gen1,G,orangutan,67,68,68.5,1
gen1,-,orangutan,68,69,69.5,1
gen1,T,orangutan,69,70,70.5,1
gen1,C,orangutan,70,71,71.5,1
gen1,G,orangutan,71,72,72.5,1
gen1,T,orangutan,72,73,73.5,1
gen1,A,orangutan,73,74,74.5,1
gen1,G,orangutan,74,75,75.5,1
gen1,C,orangutan,75,76,76.5,1
gen1,C,orangutan,76,77,77.5,1
gen1,A,orangutan,77,78,78.5,1
gen1,C,orangutan,78,79,79.5,1
gen1,C,orangutan,79,80,80.5,1
gen1,G,orangutan,80,81,81.5,1
gen1,C,orangutan,81,82,82.5,1
gen1,-,orangutan,82,83,83.5,1
gen1,-,orangutan,83,84,84.5,1
gen1,-,orangutan,84,85,85.5,1
gen1,-,orangutan,85,86,86.5,1
gen1,-,orangutan,86,87,87.5,1
gen1,-,orangutan,87,88,88.5,1
gen1,C,orangutan,88,89,89.5,1
gen1,G,orangutan,89,90,90.5,1
gen1,C,orangutan,90,91,91.5,1
gen1,T,orangutan,91,92,92.5,1
gen1,G,orangutan,92,93,93.5,1
gen1,C,orangutan,93,94,94.5,1
gen1,T,orangutan,94,95,95.5,1
gen1,G,orangutan,95,96,96.5,1
gen1,C,orangutan,96,97,97.5,1
gen1,C,orangutan,97,98,98.5,1
gen1,G,orangutan,98,99,99.5,1
gen1,G,orangutan,99,100,100.5,1
gen1,A,orangutan,100,101,101.5,1
gen1,G,orangutan,101,102,102.5,1
gen1,A,orangutan,102,103,103.5,1
gen1,A,orangutan,103,104,104.5,1
gen1,A,orangutan,104,105,105.5,1
gen1,G,orangutan,105,106,106.5,1
gen1,A,orangutan,106,107,107.5,1
gen1,G,orangutan,107,108,108.5,1
gen1,C,orangutan,108,109,109.5,1
gen1,A,orangutan,109,110,110.5,1
gen1,C,orangutan,110,111,111.5,1
gen1,G,orangutan,111,112,112.5,1
gen1,A,orangutan,112,113,113.5,1
gen1,G,orangutan,113,114,114.5,1
gen1,C,orangutan,114,115,115.5,1
gen1,G,orangutan,115,116,116.5,1
gen1,G,orangutan,116,117,117.5,1
gen1,G,orangutan,117,118,118.5,1
gen1,G,orangutan,118,119,119.5,1
gen1,A,orangutan,119,120,120.5,1
gen1,A,orangutan,120,121,121.5,1
gen1,G,orangutan,121,122,122.5,1
gen1,C,orangutan,122,123,123.5,1
gen1,C,orangutan,123,124,124.5,1
gen1,C,orangutan,124,125,125.5,1
gen1,C,orangutan,125,126,126.5,1
gen1,A,orangutan,126,127,127.5,1
gen1,G,orangutan,127,128,128.5,1
gen1,A,orangutan,128,129,129.5,1
gen1,G,orangutan,129,130,130.5,1
gen1,T,orangutan,130,131,131.5,1
gen1,G,orangutan,131,132,132.5,1
gen1,A,orangutan,132,133,133.5,1
gen1,A,orangutan,133,134,134.5,1
gen1,A,orangutan,134,135,135.5,1
gen1,T,orangutan,135,136,136.5,1
gen1,C,orangutan,136,137,137.5,1
gen1,T,orangutan,137,138,138.5,1
gen1,A,orangutan,138,139,139.5,1
gen1,G,orangutan,139,140,140.5,1
gen1,C,orangutan,140,141,141.5,1
gen1,A,orangutan,141,142,142.5,1
gen1,T,orangutan,142,143,143.5,1
gen1,C,orangutan,143,144,144.5,1
gen1,C,orangutan,144,145,145.5,1
gen1,T,orangutan,145,146,146.5,1
gen1,G,orangutan,146,147,147.5,1
gen1,C,orangutan,147,148,148.5,1
gen1,C,orangutan,148,149,149.5,1
gen1,G,orangutan,149,150,150.5,1
gen1,G,orangutan,150,151,151.5,1
gen1,C,orangutan,151,152,152.5,1
gen1,T,orangutan,152,153,153.5,1
gen1,G,orangutan,153,154,154.5,1
gen1,G,orangutan,154,155,155.5,1
gen1,T,orangutan,155,156,156.5,1
gen1,C,orangutan,156,157,157.5,1
gen1,-,orangutan,157,158,158.5,1
gen1,T,orangutan,158,159,159.5,1
gen1,G,orangutan,159,160,160.5,1
gen1,C,orangutan,160,161,161.5,1
gen1,C,orangutan,161,162,162.5,1
gen1,C,orangutan,162,163,163.5,1
gen1,G,orangutan,163,164,164.5,1
gen1,C,orangutan,164,165,165.5,1
gen1,C,orangutan,165,166,166.5,1
gen1,-,orangutan,166,167,167.5,1
gen1,C,orangutan,167,168,168.5,1
gen1,C,orangutan,168,169,169.5,1
gen1,T,orangutan,169,170,170.5,1
gen1,C,orangutan,170,171,171.5,1
gen1,C,orangutan,171,172,172.5,1
gen1,T,orangutan,172,173,173.5,1
gen1,T,orangutan,173,174,174.5,1
gen1,C,orangutan,174,175,175.5,1
gen1,C,orangutan,175,176,176.5,1
gen1,T,orangutan,176,177,177.5,1
gen1,T,orangutan,177,178,178.5,1
gen1,T,orangutan,178,179,179.5,1
gen1,T,orangutan,179,180,180.5,1
gen1,C,orangutan,180,181,181.5,1
gen1,C,orangutan,181,182,182.5,1
gen1,C,orangutan,182,183,183.5,1
gen1,C,orangutan,183,184,184.5,1
gen1,-,orangutan,184,185,185.5,1
gen1,C,orangutan,185,186,186.5,1
gen1,G,orangutan,186,187,187.5,1
gen1,G,orangutan,187,188,188.5,1
gen1,C,orangutan,188,189,189.5,1
gen1,C,orangutan,189,190,190.5,1
gen1,-,orangutan,190,191,191.5,1
gen1,C,orangutan,191,192,192.5,1
gen1,C,orangutan,192,193,193.5,1
gen1,C,orangutan,193,194,194.5,1
gen1,G,orangutan,194,195,195.5,1
gen1,T,orangutan,195,196,196.5,1
gen1,C,orangutan,196,197,197.5,1
gen1,C,orangutan,197,198,198.5,1
gen1,C,orangutan,198,199,199.5,1
gen1,C,orangutan,199,200,200.5,1
gen1,T,orangutan,200,201,201.5,1
gen1,C,orangutan,201,202,202.5,1
gen1,C,orangutan,202,203,203.5,1
gen1,C,orangutan,203,204,204.5,1
gen1,-,orangutan,204,205,205.5,1
gen1,C,orangutan,205,206,206.5,1
gen1,C,orangutan,206,207,207.5,1
gen1,C,orangutan,207,208,208.5,1
gen1,G,orangutan,208,209,209.5,1
gen1,C,orangutan,209,210,210.5,1
gen1,A,orangutan,210,211,211.5,1
gen1,G,orangutan,211,212,212.5,1
gen1,G,orangutan,212,213,213.5,1
gen1,A,macaque,1,2,2.5,1
gen1,G,macaque,2,3,3.5,1
gen1,G,macaque,3,4,4.5,1
gen1,C,macaque,4,5,5.5,1
gen1,C,macaque,5,6,6.5,1
gen1,A,macaque,6,7,7.5,1
gen1,G,macaque,7,8,8.5,1
gen1,C,macaque,8,9,9.5,1
gen1,C,macaque,9,10,10.5,1
gen1,G,macaque,10,11,11.5,1
gen1,G,macaque,11,12,12.5,1
gen1,C,macaque,12,13,13.5,1
gen1,G,macaque,13,14,14.5,1
gen1,C,macaque,14,15,15.5,1
gen1,C,macaque,15,16,16.5,1
gen1,A,macaque,16,17,17.5,1
gen1,T,macaque,17,18,18.5,1
gen1,T,macaque,18,19,19.5,1
gen1,T,macaque,19,20,20.5,1
gen1,T,macaque,20,21,21.5,1
gen1,G,macaque,21,22,22.5,1
gen1,A,macaque,22,23,23.5,1
gen1,A,macaque,23,24,24.5,1
gen1,A,macaque,24,25,25.5,1
gen1,G,macaque,25,26,26.5,1
gen1,T,macaque,26,27,27.5,1
gen1,G,macaque,27,28,28.5,1
gen1,G,macaque,28,29,29.5,1
gen1,A,macaque,29,30,30.5,1
gen1,G,macaque,30,31,31.5,1
gen1,T,macaque,31,32,32.5,1
gen1,C,macaque,32,33,33.5,1
gen1,G,macaque,33,34,34.5,1
gen1,C,macaque,34,35,35.5,1
gen1,C,macaque,35,36,36.5,1
gen1,T,macaque,36,37,37.5,1
gen1,A,macaque,37,38,38.5,1
gen1,C,macaque,38,39,39.5,1
gen1,C,macaque,39,40,40.5,1
gen1,C,macaque,40,41,41.5,1
gen1,C,macaque,41,42,42.5,1
gen1,T,macaque,42,43,43.5,1
gen1,G,macaque,43,44,44.5,1
gen1,C,macaque,44,45,45.5,1
gen1,C,macaque,45,46,46.5,1
gen1,G,macaque,46,47,47.5,1
gen1,C,macaque,47,48,48.5,1
gen1,T,macaque,48,49,49.5,1
gen1,G,macaque,49,50,50.5,1
gen1,C,macaque,50,51,51.5,1
gen1,C,macaque,51,52,52.5,1
gen1,G,macaque,52,53,53.5,1
gen1,C,macaque,53,54,54.5,1
gen1,C,macaque,54,55,55.5,1
gen1,G,macaque,55,56,56.5,1
gen1,C,macaque,56,57,57.5,1
gen1,C,macaque,57,58,58.5,1
gen1,G,macaque,58,59,59.5,1
gen1,C,macaque,59,60,60.5,1
gen1,C,macaque,60,61,61.5,1
gen1,G,macaque,61,62,62.5,1
gen1,T,macaque,62,63,63.5,1
gen1,C,macaque,63,64,64.5,1
gen1,G,macaque,64,65,65.5,1
gen1,C,macaque,65,66,66.5,1
gen1,T,macaque,66,67,67.5,1
gen1,G,macaque,67,68,68.5,1
gen1,-,macaque,68,69,69.5,1
gen1,T,macaque,69,70,70.5,1
gen1,C,macaque,70,71,71.5,1
gen1,G,macaque,71,72,72.5,1
gen1,T,macaque,72,73,73.5,1
gen1,A,macaque,73,74,74.5,1
gen1,G,macaque,74,75,75.5,1
gen1,C,macaque,75,76,76.5,1
gen1,C,macaque,76,77,77.5,1
gen1,G,macaque,77,78,78.5,1
gen1,C,macaque,78,79,79.5,1
gen1,C,macaque,79,80,80.5,1
gen1,G,macaque,80,81,81.5,1
gen1,C,macaque,81,82,82.5,1
gen1,-,macaque,82,83,83.5,1
gen1,-,macaque,83,84,84.5,1
gen1,-,macaque,84,85,85.5,1
gen1,-,macaque,85,86,86.5,1
gen1,-,macaque,86,87,87.5,1
gen1,-,macaque,87,88,88.5,1
gen1,T,macaque,88,89,89.5,1
gen1,G,macaque,89,90,90.5,1
gen1,C,macaque,90,91,91.5,1
gen1,C,macaque,91,92,92.5,1
gen1,G,macaque,92,93,93.5,1
gen1,C,macaque,93,94,94.5,1
gen1,T,macaque,94,95,95.5,1
gen1,G,macaque,95,96,96.5,1
gen1,C,macaque,96,97,97.5,1
gen1,C,macaque,97,98,98.5,1
gen1,G,macaque,98,99,99.5,1
gen1,G,macaque,99,100,100.5,1
gen1,A,macaque,100,101,101.5,1
gen1,G,macaque,101,102,102.5,1
gen1,A,macaque,102,103,103.5,1
gen1,A,macaque,103,104,104.5,1
gen1,A,macaque,104,105,105.5,1
gen1,G,macaque,105,106,106.5,1
gen1,A,macaque,106,107,107.5,1
gen1,G,macaque,107,108,108.5,1
gen1,C,macaque,108,109,109.5,1
gen1,A,macaque,109,110,110.5,1
gen1,C,macaque,110,111,111.5,1
gen1,G,macaque,111,112,112.5,1
gen1,A,macaque,112,113,113.5,1
gen1,G,macaque,113,114,114.5,1
gen1,C,macaque,114,115,115.5,1
gen1,G,macaque,115,116,116.5,1
gen1,G,macaque,116,117,117.5,1
gen1,G,macaque,117,118,118.5,1
gen1,G,macaque,118,119,119.5,1
gen1,A,macaque,119,120,120.5,1
gen1,A,macaque,120,121,121.5,1
gen1,G,macaque,121,122,122.5,1
gen1,C,macaque,122,123,123.5,1
gen1,C,macaque,123,124,124.5,1
gen1,C,macaque,124,125,125.5,1
gen1,C,macaque,125,126,126.5,1
gen1,A,macaque,126,127,127.5,1
gen1,G,macaque,127,128,128.5,1
gen1,A,macaque,128,129,129.5,1
gen1,G,macaque,129,130,130.5,1
gen1,T,macaque,130,131,131.5,1
gen1,G,macaque,131,132,132.5,1
gen1,A,macaque,132,133,133.5,1
gen1,A,macaque,133,134,134.5,1
gen1,A,macaque,134,135,135.5,1
gen1,T,macaque,135,136,136.5,1
gen1,C,macaque,136,137,137.5,1
gen1,T,macaque,137,138,138.5,1
gen1,A,macaque,138,139,139.5,1
gen1,G,macaque,139,140,140.5,1
gen1,C,macaque,140,141,141.5,1
gen1,A,macaque,141,142,142.5,1
gen1,T,macaque,142,143,143.5,1
gen1,C,macaque,143,144,144.5,1
gen1,C,macaque,144,145,145.5,1
gen1,T,macaque,145,146,146.5,1
gen1,G,macaque,146,147,147.5,1
gen1,C,macaque,147,148,148.5,1
gen1,C,macaque,148,149,149.5,1
gen1,G,macaque,149,150,150.5,1
gen1,G,macaque,150,151,151.5,1
gen1,C,macaque,151,152,152.5,1
gen1,T,macaque,152,153,153.5,1
gen1,G,macaque,153,154,154.5,1
gen1,G,macaque,154,155,155.5,1
gen1,T,macaque,155,156,156.5,1
gen1,C,macaque,156,157,157.5,1
gen1,-,macaque,157,158,158.5,1
gen1,T,macaque,158,159,159.5,1
gen1,G,macaque,159,160,160.5,1
gen1,C,macaque,160,161,161.5,1
gen1,C,macaque,161,162,162.5,1
gen1,C,macaque,162,163,163.5,1
gen1,G,macaque,163,164,164.5,1
gen1,C,macaque,164,165,165.5,1
gen1,C,macaque,165,166,166.5,1
gen1,-,macaque,166,167,167.5,1
gen1,C,macaque,167,168,168.5,1
gen1,C,macaque,168,169,169.5,1
gen1,T,macaque,169,170,170.5,1
gen1,C,macaque,170,171,171.5,1
gen1,C,macaque,171,172,172.5,1
gen1,T,macaque,172,173,173.5,1
gen1,T,macaque,173,174,174.5,1
gen1,C,macaque,174,175,175.5,1
gen1,C,macaque,175,176,176.5,1
gen1,T,macaque,176,177,177.5,1
gen1,T,macaque,177,178,178.5,1
gen1,T,macaque,178,179,179.5,1
gen1,T,macaque,179,180,180.5,1
gen1,C,macaque,180,181,181.5,1
gen1,C,macaque,181,182,182.5,1
gen1,C,macaque,182,183,183.5,1
gen1,C,macaque,183,184,184.5,1
gen1,-,macaque,184,185,185.5,1
gen1,C,macaque,185,186,186.5,1
gen1,G,macaque,186,187,187.5,1
gen1,G,macaque,187,188,188.5,1
gen1,C,macaque,188,189,189.5,1
gen1,C,macaque,189,190,190.5,1
gen1,-,macaque,190,191,191.5,1
gen1,C,macaque,191,192,192.5,1
gen1,C,macaque,192,193,193.5,1
gen1,C,macaque,193,194,194.5,1
gen1,G,macaque,194,195,195.5,1
gen1,T,macaque,195,196,196.5,1
gen1,C,macaque,196,197,197.5,1
gen1,C,macaque,197,198,198.5,1
gen1,C,macaque,198,199,199.5,1
gen1,C,macaque,199,200,200.5,1
gen1,T,macaque,200,201,201.5,1
gen1,C,macaque,201,202,202.5,1
gen1,C,macaque,202,203,203.5,1
gen1,C,macaque,203,204,204.5,1
gen1,-,macaque,204,205,205.5,1
gen1,C,macaque,205,206,206.5,1
gen1,C,macaque,206,207,207.5,1
gen1,C,macaque,207,208,208.5,1
gen1,G,macaque,208,209,209.5,1
gen1,C,macaque,209,210,210.5,1
gen1,A,macaque,210,211,211.5,1
gen1,G,macaque,211,212,212.5,1
gen1,G,macaque,212,213,213.5,1
gen1,A,lemur,1,2,2.5,1
gen1,G,lemur,2,3,3.5,1
gen1,G,lemur,3,4,4.5,1
gen1,C,lemur,4,5,5.5,1
gen1,C,lemur,5,6,6.5,1
gen1,A,lemur,6,7,7.5,1
gen1,G,lemur,7,8,8.5,1
gen1,C,lemur,8,9,9.5,1
gen1,G,lemur,9,10,10.5,1
gen1,G,lemur,10,11,11.5,1
gen1,G,lemur,11,12,12.5,1
gen1,C,lemur,12,13,13.5,1
gen1,G,lemur,13,14,14.5,1
gen1,C,lemur,14,15,15.5,1
gen1,C,lemur,15,16,16.5,1
gen1,A,lemur,16,17,17.5,1
gen1,T,lemur,17,18,18.5,1
gen1,T,lemur,18,19,19.5,1
gen1,T,lemur,19,20,20.5,1
gen1,T,lemur,20,21,21.5,1
gen1,G,lemur,21,22,22.5,1
gen1,A,lemur,22,23,23.5,1
gen1,A,lemur,23,24,24.5,1
gen1,A,lemur,24,25,25.5,1
gen1,G,lemur,25,26,26.5,1
gen1,T,lemur,26,27,27.5,1
gen1,G,lemur,27,28,28.5,1
gen1,G,lemur,28,29,29.5,1
gen1,A,lemur,29,30,30.5,1
gen1,G,lemur,30,31,31.5,1
gen1,T,lemur,31,32,32.5,1
gen1,C,lemur,32,33,33.5,1
gen1,G,lemur,33,34,34.5,1
gen1,C,lemur,34,35,35.5,1
gen1,C,lemur,35,36,36.5,1
gen1,T,lemur,36,37,37.5,1
gen1,G,lemur,37,38,38.5,1
gen1,C,lemur,38,39,39.5,1
gen1,C,lemur,39,40,40.5,1
gen1,C,lemur,40,41,41.5,1
gen1,C,lemur,41,42,42.5,1
gen1,T,lemur,42,43,43.5,1
gen1,G,lemur,43,44,44.5,1
gen1,-,lemur,44,45,45.5,1
gen1,-,lemur,45,46,46.5,1
gen1,-,lemur,46,47,47.5,1
gen1,C,lemur,47,48,48.5,1
gen1,T,lemur,48,49,49.5,1
gen1,G,lemur,49,50,50.5,1
gen1,C,lemur,50,51,51.5,1
gen1,C,lemur,51,52,52.5,1
gen1,G,lemur,52,53,53.5,1
gen1,C,lemur,53,54,54.5,1
gen1,C,lemur,54,55,55.5,1
gen1,G,lemur,55,56,56.5,1
gen1,G,lemur,56,57,57.5,1
gen1,C,lemur,57,58,58.5,1
gen1,G,lemur,58,59,59.5,1
gen1,C,lemur,59,60,60.5,1
gen1,C,lemur,60,61,61.5,1
gen1,G,lemur,61,62,62.5,1
gen1,T,lemur,62,63,63.5,1
gen1,C,lemur,63,64,64.5,1
gen1,G,lemur,64,65,65.5,1
gen1,C,lemur,65,66,66.5,1
gen1,T,lemur,66,67,67.5,1
gen1,G,lemur,67,68,68.5,1
gen1,-,lemur,68,69,69.5,1
gen1,T,lemur,69,70,70.5,1
gen1,C,lemur,70,71,71.5,1
gen1,G,lemur,71,72,72.5,1
gen1,T,lemur,72,73,73.5,1
gen1,A,lemur,73,74,74.5,1
gen1,G,lemur,74,75,75.5,1
gen1,C,lemur,75,76,76.5,1
gen1,C,lemur,76,77,77.5,1
gen1,G,lemur,77,78,78.5,1
gen1,C,lemur,78,79,79.5,1
gen1,C,lemur,79,80,80.5,1
gen1,G,lemur,80,81,81.5,1
gen1,C,lemur,81,82,82.5,1
gen1,C,lemur,82,83,83.5,1
gen1,A,lemur,83,84,84.5,1
gen1,C,lemur,84,85,85.5,1
gen1,T,lemur,85,86,86.5,1
gen1,G,lemur,86,87,87.5,1
gen1,C,lemur,87,88,88.5,1
gen1,C,lemur,88,89,89.5,1
gen1,G,lemur,89,90,90.5,1
gen1,C,lemur,90,91,91.5,1
gen1,C,lemur,91,92,92.5,1
gen1,G,lemur,92,93,93.5,1
gen1,C,lemur,93,94,94.5,1
gen1,C,lemur,94,95,95.5,1
gen1,G,lemur,95,96,96.5,1
gen1,C,lemur,96,97,97.5,1
gen1,C,lemur,97,98,98.5,1
gen1,G,lemur,98,99,99.5,1
gen1,G,lemur,99,100,100.5,1
gen1,A,lemur,100,101,101.5,1
gen1,G,lemur,101,102,102.5,1
gen1,A,lemur,102,103,103.5,1
gen1,A,lemur,103,104,104.5,1
gen1,G,lemur,104,105,105.5,1
gen1,G,lemur,105,106,106.5,1
gen1,A,lemur,106,107,107.5,1
gen1,G,lemur,107,108,108.5,1
gen1,C,lemur,108,109,109.5,1
gen1,A,lemur,109,110,110.5,1
gen1,G,lemur,110,111,111.5,1
gen1,G,lemur,111,112,112.5,1
gen1,A,lemur,112,113,113.5,1
gen1,G,lemur,113,114,114.5,1
gen1,C,lemur,114,115,115.5,1
gen1,G,lemur,115,116,116.5,1
gen1,G,lemur,116,117,117.5,1
gen1,G,lemur,117,118,118.5,1
gen1,G,lemur,118,119,119.5,1
gen1,A,lemur,119,120,120.5,1
gen1,A,lemur,120,121,121.5,1
gen1,G,lemur,121,122,122.5,1
gen1,C,lemur,122,123,123.5,1
gen1,C,lemur,123,124,124.5,1
gen1,C,lemur,124,125,125.5,1
gen1,C,lemur,125,126,126.5,1
gen1,A,lemur,126,127,127.5,1
gen1,G,lemur,127,128,128.5,1
gen1,A,lemur,128,129,129.5,1
gen1,G,lemur,129,130,130.5,1
gen1,T,lemur,130,131,131.5,1
gen1,G,lemur,131,132,132.5,1
gen1,A,lemur,132,133,133.5,1
gen1,A,lemur,133,134,134.5,1
gen1,A,lemur,134,135,135.5,1
gen1,T,lemur,135,136,136.5,1
gen1,C,lemur,136,137,137.5,1
gen1,C,lemur,137,138,138.5,1
gen1,A,lemur,138,139,139.5,1
gen1,C,lemur,139,140,140.5,1
gen1,C,lemur,140,141,141.5,1
gen1,G,lemur,141,142,142.5,1
gen1,T,lemur,142,143,143.5,1
gen1,C,lemur,143,144,144.5,1
gen1,C,lemur,144,145,145.5,1
gen1,T,lemur,145,146,146.5,1
gen1,G,lemur,146,147,147.5,1
gen1,C,lemur,147,148,148.5,1
gen1,T,lemur,148,149,149.5,1
gen1,G,lemur,149,150,150.5,1
gen1,G,lemur,150,151,151.5,1
gen1,C,lemur,151,152,152.5,1
gen1,C,lemur,152,153,153.5,1
gen1,G,lemur,153,154,154.5,1
gen1,G,lemur,154,155,155.5,1
gen1,T,lemur,155,156,156.5,1
gen1,C,lemur,156,157,157.5,1
gen1,-,lemur,157,158,158.5,1
gen1,T,lemur,158,159,159.5,1
gen1,G,lemur,159,160,160.5,1
gen1,C,lemur,160,161,161.5,1
gen1,T,lemur,161,162,162.5,1
gen1,C,lemur,162,163,163.5,1
gen1,G,lemur,163,164,164.5,1
gen1,C,lemur,164,165,165.5,1
gen1,C,lemur,165,166,166.5,1
gen1,-,lemur,166,167,167.5,1
gen1,C,lemur,167,168,168.5,1
gen1,C,lemur,168,169,169.5,1
gen1,T,lemur,169,170,170.5,1
gen1,C,lemur,170,171,171.5,1
gen1,C,lemur,171,172,172.5,1
gen1,T,lemur,172,173,173.5,1
gen1,T,lemur,173,174,174.5,1
gen1,C,lemur,174,175,175.5,1
gen1,C,lemur,175,176,176.5,1
gen1,T,lemur,176,177,177.5,1
gen1,G,lemur,177,178,178.5,1
gen1,C,lemur,178,179,179.5,1
gen1,T,lemur,179,180,180.5,1
gen1,C,lemur,180,181,181.5,1
gen1,C,lemur,181,182,182.5,1
gen1,C,lemur,182,183,183.5,1
gen1,C,lemur,183,184,184.5,1
gen1,-,lemur,184,185,185.5,1
gen1,C,lemur,185,186,186.5,1
gen1,G,lemur,186,187,187.5,1
gen1,G,lemur,187,188,188.5,1
gen1,C,lemur,188,189,189.5,1
gen1,C,lemur,189,190,190.5,1
gen1,-,lemur,190,191,191.5,1
gen1,C,lemur,191,192,192.5,1
gen1,C,lemur,192,193,193.5,1
gen1,C,lemur,193,194,194.5,1
gen1,G,lemur,194,195,195.5,1
gen1,C,lemur,195,196,196.5,1
gen1,C,lemur,196,197,197.5,1
gen1,C,lemur,197,198,198.5,1
gen1,C,lemur,198,199,199.5,1
gen1,C,lemur,199,200,200.5,1
gen1,T,lemur,200,201,201.5,1
gen1,C,lemur,201,202,202.5,1
gen1,C,lemur,202,203,203.5,1
gen1,C,lemur,203,204,204.5,1
gen1,-,lemur,204,205,205.5,1
gen1,C,lemur,205,206,206.5,1
gen1,C,lemur,206,207,207.5,1
gen1,C,lemur,207,208,208.5,1
gen1,A,lemur,208,209,209.5,1
gen1,C,lemur,209,210,210.5,1
gen1,A,lemur,210,211,211.5,1
gen1,G,lemur,211,212,212.5,1
gen1,G,lemur,212,213,213.5,1
